[{
    "id": 2,
    "color": "#4b4bf1",
    "title": "kellan",
    "fileLength": 34,
    "value": 318826.01989800006,
    "totalTime": "88h 33m 46s",
    "mostcodedJS": "",
    "secondMost": "",
    "x": 6561.596396999998,
    "jsTime": "1h 49m 21s",
    "y": 2.05804921414482,
    "mostcodedHTML": "/Users/lesleycheung/Desktop/current/PitterPatter/kellan/views/rsvp.handlebars: 15h 18m 35s\n",
    "mostcodedCSS": "/Users/lesleycheung/Desktop/current/PitterPatter/kellan/assets/css/information.css: 18h 8m 55s\n"
}, {
    "id": 3,
    "color": "#f1ba4b",
    "title": "LectureExamples",
    "fileLength": 121,
    "value": 281193.57884099986,
    "totalTime": "78h 6m 33s",
    "mostcodedJS": "/Users/lesleycheung/Desktop/current/Work/LectureExamples/02web/14canvasproject/assets/javascript/main.js: 9h 3m 51s",
    "secondMost": "/Users/lesleycheung/Desktop/current/Work/LectureExamples/02web/12_JqueryEffects/handlingMultipleEvents/assets/js/index.js: 3h 24m 52s",
    "x": 85716.51165799997,
    "jsTime": "23h 48m 36s",
    "y": 30.483097093219236,
    "mostcodedHTML": "/Users/lesleycheung/Desktop/current/Work/LectureExamples/02web/14canvasproject/index.html: 12h 24m 48s\n",
    "mostcodedCSS": ""
}, {
    "id": 4,
    "color": "#f1ba4b",
    "title": "capstone",
    "fileLength": 86,
    "value": 168253.719786,
    "totalTime": "46h 44m 13s",
    "mostcodedJS": "/Users/lesleycheung/Desktop/current/Work/capstone/src/components/pages/CalendarPage/CalendarPage.js: 13h 20m 44s",
    "secondMost": "/Users/lesleycheung/Desktop/current/Work/capstone/src/components/pages/ProjectPage/ProjectPage.js: 6h 10m 50s",
    "x": 154415.62933600007,
    "jsTime": "42h 53m 35s",
    "y": 91.77546239833482,
    "mostcodedHTML": "",
    "mostcodedCSS": "/Users/lesleycheung/Desktop/current/Work/capstone/src/components/pages/CalendarPage/calendar.css: 21m 31s\n"
}, {
    "id": 5,
    "color": "#d6f14b",
    "title": "pitterpatter",
    "fileLength": 158,
    "value": 166128.285353,
    "totalTime": "46h 8m 48s",
    "mostcodedJS": "/Users/lesleycheung/Desktop/current/pitterpatter/pitterpatter/src/pages/layout.js: 10h 32m 39s",
    "secondMost": "/Users/lesleycheung/Desktop/current/pitterpatter/pitterpatter/src/pages/category.js: 4h 50m 37s",
    "x": 129627.65392,
    "jsTime": "36h 27s",
    "y": 78.02864734597054,
    "mostcodedHTML": "/Users/lesleycheung/Desktop/pitterpatter/views/addFriend.handlebars: 56m 12s\n",
    "mostcodedCSS": ""
}, {
    "id": 6,
    "color": "#baf14b",
    "title": "first-draft",
    "fileLength": 291,
    "value": 164246.52271399985,
    "totalTime": "45h 37m 26s",
    "mostcodedJS": "/Users/lesleycheung/Desktop/first-draft/frontend/src/pages/Home.tsx: 3h 32m 23s",
    "secondMost": "/Users/lesleycheung/Desktop/first-draft/frontend/src/pages/CheckInForm.tsx: 2h 48m 18s",
    "x": 153964.59178300004,
    "jsTime": "42h 46m 4s",
    "y": 93.73993996274515,
    "mostcodedHTML": "/Users/lesleycheung/Desktop/first-draft/redux/index.html: 1m 21s\n",
    "mostcodedCSS": ""
}, {
    "id": 7,
    "color": "#f14bba",
    "title": "Reference",
    "fileLength": 179,
    "value": 145394.996159,
    "totalTime": "40h 23m 14s",
    "mostcodedJS": "/Users/lesleycheung/Desktop/Reference/react/Udemy/steele/backend/server.js: 9h 35m 34s",
    "secondMost": "/Users/lesleycheung/Desktop/Reference/react/Udemy/steele/frontend/src/index.js: 6h 13m 16s",
    "x": 129332.960755,
    "jsTime": "35h 55m 32s",
    "y": 88.95282793196336,
    "mostcodedHTML": "",
    "mostcodedCSS": ""
}, {
    "id": 8,
    "color": "#4bf1d6",
    "title": "template",
    "fileLength": 280,
    "value": 139525.661516,
    "totalTime": "38h 45m 25s",
    "mostcodedJS": "/Users/lesleycheung/Desktop/current/template/frontend/src/components/Playground.jsx: 4h 15m 21s",
    "secondMost": "/Users/lesleycheung/Desktop/current/template/frontend/src/redux/actions/events.test.js: 2h 3m 52s",
    "x": 117645.10102699998,
    "jsTime": "32h 40m 45s",
    "y": 84.31789518052858,
    "mostcodedHTML": "",
    "mostcodedCSS": ""
}, {
    "id": 9,
    "color": "#f14bba",
    "title": "hktaboo",
    "fileLength": 125,
    "value": 139230.19215600006,
    "totalTime": "38h 40m 30s",
    "mostcodedJS": "/Users/lesleycheung/Desktop/hktaboo/src/components/components/Work/Notes/Academind.js: 4h 48m 36s",
    "secondMost": "/Users/lesleycheung/Desktop/Doing/LongTerm/hktaboo/src/components/components/Components/Navbar.js: 3h 58m 5s",
    "x": 126102.654879,
    "jsTime": "35h 1m 42s",
    "y": 90.57134298694973,
    "mostcodedHTML": "",
    "mostcodedCSS": ""
}, {
    "id": 10,
    "color": "#d6f14b",
    "title": "01algos",
    "fileLength": 87,
    "value": 129735.61181799999,
    "totalTime": "36h 2m 15s",
    "mostcodedJS": "/Users/lesleycheung/Desktop/Work/01algos/Stack/Mochi.js: 4h 44m 53s",
    "secondMost": "/Users/lesleycheung/Desktop/Work/01algos/Exercism/PerfectNumbers.js: 3h 41m 25s",
    "x": 82412.01038099997,
    "jsTime": "22h 53m 32s",
    "y": 63.5230444641614,
    "mostcodedHTML": "/Users/lesleycheung/Desktop/Work/01algos/Stack/index.html: 8h 53m 8s\n",
    "mostcodedCSS": ""
}, {
    "id": 11,
    "color": "#d64bf1",
    "title": "sharelink",
    "fileLength": 82,
    "value": 86397.47408000004,
    "totalTime": "23h 59m 57s",
    "mostcodedJS": "/Users/lesleycheung/Desktop/sharelink/backend/services/BugService.js: 7h 23m 13s",
    "secondMost": "/Users/lesleycheung/Desktop/sharelink/frontend/src/pages/BugsPage.js: 1h 54m 16s",
    "x": 73746.88975300001,
    "jsTime": "20h 29m 6s",
    "y": 85.3576919213099,
    "mostcodedHTML": "/Users/lesleycheung/Desktop/sharelink/backend/views/intro.handlebars: 20m 22s\n",
    "mostcodedCSS": ""
}, {
    "id": 12,
    "color": "#f1d64b",
    "title": "Templates",
    "fileLength": 247,
    "value": 86107.23666400003,
    "totalTime": "23h 55m 7s",
    "mostcodedJS": "/Users/lesleycheung/Desktop/TEMPLATES/layouts/final/secondDraft.js: 56m 45s",
    "secondMost": "/Users/lesleycheung/Desktop/TEMPLATES/layouts/final/delete.js: 44m 19s",
    "x": 18635.706333,
    "jsTime": "5h 10m 35s",
    "y": 21.64243918977285,
    "mostcodedHTML": "/Users/lesleycheung/Desktop/TEMPLATES/intro/duck.html: 1h 27m 13s\n",
    "mostcodedCSS": "/Users/lesleycheung/Desktop/TEMPLATES/layouts/final/styles.css: 28m 26s\n"
}, {
    "id": 13,
    "color": "#4bf1d6",
    "title": "Videos",
    "fileLength": 64,
    "value": 78868.36723099994,
    "totalTime": "21h 54m 28s",
    "mostcodedJS": "/Users/lesleycheung/Desktop/current/Work/Videos/regexp/test.js: 3h 26m 46s",
    "secondMost": "/Users/lesleycheung/Desktop/current/Work/Videos/promises/promise.js: 2h 42m 24s",
    "x": 52415.885921,
    "jsTime": "14h 33m 35s",
    "y": 66.4599607691605,
    "mostcodedHTML": "/Users/lesleycheung/Desktop/current/Work/Videos/bootstrap/index.html: 4h 41m 11s\n",
    "mostcodedCSS": ""
}, {
    "id": 14,
    "color": "#4b4bf1",
    "title": "StoreModelService",
    "fileLength": 139,
    "value": 68812.68866700005,
    "totalTime": "19h 6m 52s",
    "mostcodedJS": "",
    "secondMost": "",
    "x": 0,
    "jsTime": "0s",
    "y": 0,
    "mostcodedHTML": "",
    "mostcodedCSS": ""
}, {
    "id": 15,
    "color": "#4bbaf1",
    "title": "JavaApplication13",
    "fileLength": 20,
    "value": 67507.63868800002,
    "totalTime": "18h 45m 7s",
    "mostcodedJS": "",
    "secondMost": "",
    "x": 0,
    "jsTime": "0s",
    "y": 0,
    "mostcodedHTML": "",
    "mostcodedCSS": ""
}, {
    "id": 16,
    "color": "#4bf1ba",
    "title": "final",
    "fileLength": 177,
    "value": 66193.349433,
    "totalTime": "18h 23m 13s",
    "mostcodedJS": "/Users/lesleycheung/Desktop/current/final/frontend/src/redux/actions/CheckIn.ts: 48m 20s",
    "secondMost": "/Users/lesleycheung/Desktop/current/final/frontend/src/App.tsx: 38m 51s",
    "x": 39503.514081999994,
    "jsTime": "10h 58m 23s",
    "y": 59.67897745072549,
    "mostcodedHTML": "/Users/lesleycheung/Desktop/current/final/documentation/CheckIn.html: 2m 15s\n",
    "mostcodedCSS": "/Users/lesleycheung/Desktop/current/final/documentation/styles/test.css: 9m 41s\n"
}, {
    "id": 17,
    "color": "#4b4bf1",
    "title": "express-handlebars-template",
    "fileLength": 176,
    "value": 62822.76301900001,
    "totalTime": "17h 27m 2s",
    "mostcodedJS": "/Users/lesleycheung/Desktop/delete/express-handlebars-template/backend/queries/playground.js: 4h 10m 57s",
    "secondMost": "/Users/lesleycheung/Desktop/delete/express-handlebars-template/backend/queries/basic/joins.js: 1h 42m 2s",
    "x": 41568.74908700001,
    "jsTime": "11h 32m 48s",
    "y": 66.16829169775298,
    "mostcodedHTML": "/Users/lesleycheung/Desktop/delete/express-handlebars-template/frontend/views/components/page/playground/playground.handlebars: 1h 1m 33s\n",
    "mostcodedCSS": ""
}, {
    "id": 18,
    "color": "#f1d64b",
    "title": "Algorithms",
    "fileLength": 111,
    "value": 61835.14056100001,
    "totalTime": "17h 10m 35s",
    "mostcodedJS": "/Users/lesleycheung/Desktop/Work/algorithms/Array/01_Array.js: 2h 59s",
    "secondMost": "/Users/lesleycheung/Desktop/algorithms/LinkedList/00_linkedlist.js: 1h 42m 11s",
    "x": 50084.990517,
    "jsTime": "13h 54m 44s",
    "y": 80.99761731372058,
    "mostcodedHTML": "",
    "mostcodedCSS": ""
}, {
    "id": 19,
    "color": "#674bf1",
    "title": "firstdraft",
    "fileLength": 216,
    "value": 56844.25914100002,
    "totalTime": "15h 47m 24s",
    "mostcodedJS": "/Users/lesleycheung/Desktop/current/optee/firstdraft/routes/planning/planning.js: 2h 1m 27s",
    "secondMost": "/Users/lesleycheung/Desktop/current/optee/firstdraft/app.js: 1h 28m 52s",
    "x": 31272.120159,
    "jsTime": "8h 41m 12s",
    "y": 55.013682351687784,
    "mostcodedHTML": "/Users/lesleycheung/Desktop/current/optee/firstdraft/frontend/views/layouts/main.handlebars: 1h 2m 33s\n",
    "mostcodedCSS": ""
}, {
    "id": 20,
    "color": "#f1ba4b",
    "title": "XMLFile",
    "fileLength": 50,
    "value": 56501.73399700003,
    "totalTime": "15h 41m 41s",
    "mostcodedJS": "",
    "secondMost": "",
    "x": 0,
    "jsTime": "0s",
    "y": 0,
    "mostcodedHTML": "",
    "mostcodedCSS": ""
}, {
    "id": 21,
    "color": "#baf14b",
    "title": "master_march2021",
    "fileLength": 157,
    "value": 53170.07627700004,
    "totalTime": "14h 46m 10s",
    "mostcodedJS": "/Users/lesleycheung/Desktop/master_march2021/01prep/03_jsintro/03_codeAlong.js: 56m 44s",
    "secondMost": "/Users/lesleycheung/Desktop/master_march2021/01prep/05_JSWithDOM/02_JSWithHTML/assets/js/index.js: 43m 8s",
    "x": 21155.796058,
    "jsTime": "5h 52m 35s",
    "y": 39.788914252792665,
    "mostcodedHTML": "/Users/lesleycheung/Desktop/master_march2021/01prep/05_JSWithDOM/01_Selectors/index.html: 1h 1m 18s\n",
    "mostcodedCSS": ""
}, {
    "id": 22,
    "color": "#4bbaf1",
    "title": "CS701_Git",
    "fileLength": 188,
    "value": 51319.04424300002,
    "totalTime": "14h 15m 19s",
    "mostcodedJS": "/Users/lesleycheung/Desktop/current/bu/CS701/CS701_Git/CS701_HW2_Cheung/examples/part2.js: 1h 46m 33s",
    "secondMost": "/Users/lesleycheung/Desktop/current/bu/CS701/CS701_Git/cs701-hw5-cheung/src/app/services/contacts.service.ts: 1h 17m 58s",
    "x": 35597.73792899999,
    "jsTime": "9h 53m 17s",
    "y": 69.36555123755167,
    "mostcodedHTML": "/Users/lesleycheung/Desktop/current/bu/CS701/CS701_Git/cs701-hw5-cheung/src/app/part2/contact-add-edit/contact-add-edit.component.html: 23m 18s\n",
    "mostcodedCSS": ""
}, {
    "id": 23,
    "color": "#d64bf1",
    "title": "CS701-Rich-Application-Development",
    "fileLength": 604,
    "value": 47710.95991299999,
    "totalTime": "13h 15m 10s",
    "mostcodedJS": "/Users/lesleycheung/Desktop/current/CS701-Rich-Application-Development/finalexamhtml/index.js: 1h 32m 27s",
    "secondMost": "/Users/lesleycheung/Desktop/current/CS701-Rich-Application-Development/finalexamhtml/functions.js: 34m 52s",
    "x": 15439.401955,
    "jsTime": "4h 17m 19s",
    "y": 32.36028363955252,
    "mostcodedHTML": "/Users/lesleycheung/Desktop/current/CS701-Rich-Application-Development/CS701_HW3_Cheung/part1/hw3_part1Cart.html: 37m 34s\n",
    "mostcodedCSS": ""
}, {
    "id": 24,
    "color": "#f1f14b",
    "title": "Projects",
    "fileLength": 122,
    "value": 42959.66608400003,
    "totalTime": "11h 55m 59s",
    "mostcodedJS": "/Users/lesleycheung/Desktop/Doing/LongTerm/Projects/src/pieces/IndependentComponents/Projects/Countries/CountriesCard.js: 1h 20m 58s",
    "secondMost": "/Users/lesleycheung/Desktop/Doing/LongTerm/Projects/src/pieces/IndependentComponents/Games/QuestionGame/components/Questions/CategoryPage.js: 1h 10m 16s",
    "x": 35260.198837,
    "jsTime": "9h 47m 40s",
    "y": 82.07745090023492,
    "mostcodedHTML": "/Users/lesleycheung/Desktop/Doing/Coding/Projects/public/index.html: 1m 42s\n",
    "mostcodedCSS": ""
}, {
    "id": 25,
    "color": "#f14bf1",
    "title": "softwaredesign",
    "fileLength": 38,
    "value": 42043.519063000014,
    "totalTime": "11h 40m 43s",
    "mostcodedJS": "/Users/lesleycheung/Desktop/softwaredesign/src/components/SystemsDesign/Assignments/DesignAssign1OverviewPage.js: 5h 12m 32s",
    "secondMost": "/Users/lesleycheung/Desktop/softwaredesign/src/components/CommProtocol/Assignments/Assign1.js: 2h 35m 24s",
    "x": 38816.713021,
    "jsTime": "10h 46m 56s",
    "y": 92.32508097820067,
    "mostcodedHTML": "",
    "mostcodedCSS": ""
}, {
    "id": 26,
    "color": "#824bf1",
    "title": "frontend2",
    "fileLength": 64,
    "value": 40219.82016400001,
    "totalTime": "11h 10m 19s",
    "mostcodedJS": "/Users/lesleycheung/Desktop/onething/frontend2/src/pages/Redux.jsx: 2h 42m 19s",
    "secondMost": "/Users/lesleycheung/Desktop/onething/frontend2/src/redux/events/simple.test.js: 2h 28m 22s",
    "x": 36113.350145000004,
    "jsTime": "10h 1m 53s",
    "y": 89.78993440981213,
    "mostcodedHTML": "",
    "mostcodedCSS": ""
}, {
    "id": 27,
    "color": "#824bf1",
    "title": "demo",
    "fileLength": 101,
    "value": 38153.27192699999,
    "totalTime": "10h 35m 53s",
    "mostcodedJS": "/Users/lesleycheung/Desktop/Xccelerate/demo/21_day/Timer/timer.js: 26m 14s",
    "secondMost": "/Users/lesleycheung/Desktop/Xccelerate/demo/21_day/Timer/EventEmitterExample.js: 26m 1s",
    "x": 13736.232399999999,
    "jsTime": "3h 48m 56s",
    "y": 36.00276386854061,
    "mostcodedHTML": "/Users/lesleycheung/Desktop/Xccelerate/demo/BeautifulFlowers.html: 1h 2m 31s\n",
    "mostcodedCSS": ""
}, {
    "id": 28,
    "color": "#4bf1ba",
    "title": "simpletest",
    "fileLength": 103,
    "value": 36680.02089599997,
    "totalTime": "10h 11m 20s",
    "mostcodedJS": "/Users/lesleycheung/Desktop/pitterpatter/simpletest/src/pages/index.js: 2h 10m 6s",
    "secondMost": "/Users/lesleycheung/Desktop/pitterpatter/simpletest/src/pages/photo.js: 1h 25m 11s",
    "x": 29454.655278000006,
    "jsTime": "8h 10m 54s",
    "y": 80.30163167440314,
    "mostcodedHTML": "/Users/lesleycheung/Desktop/pitterpatter/simpletest/public/index.html: 1m 39s\n",
    "mostcodedCSS": ""
}, {
    "id": 29,
    "color": "#d64bf1",
    "title": "somethingforyou",
    "fileLength": 80,
    "value": 36154.21609600001,
    "totalTime": "10h 2m 34s",
    "mostcodedJS": "",
    "secondMost": "",
    "x": 816.149535,
    "jsTime": "13m 36s",
    "y": 2.2574117852061417,
    "mostcodedHTML": "/Users/lesleycheung/Desktop/thisweek/somethingforyou/values.html: 2h 18m 53s\n",
    "mostcodedCSS": ""
}, {
    "id": 30,
    "color": "#674bf1",
    "title": "lezzles11.github.io",
    "fileLength": 76,
    "value": 35800.89184000001,
    "totalTime": "9h 56m 40s",
    "mostcodedJS": "/Users/lesleycheung/Desktop/current/lezzles11.github.io/assets/javascript/remarkable.js: 38m 12s",
    "secondMost": "/Users/lesleycheung/Desktop/current/lezzles11.github.io/finalproject/resume.js: 26m 53s",
    "x": 5145.298047,
    "jsTime": "1h 25m 45s",
    "y": 14.37198288242419,
    "mostcodedHTML": "/Users/lesleycheung/Desktop/current/lezzles11.github.io/index.html: 51m 51s\n",
    "mostcodedCSS": "/Users/lesleycheung/Desktop/current/lezzles11.github.io/styles/global/footer.css: 32m 30s\n"
}, {
    "id": 31,
    "color": "#f1f14b",
    "title": "kellanFinal",
    "fileLength": 69,
    "value": 33374.841131999994,
    "totalTime": "9h 16m 14s",
    "mostcodedJS": "/Users/lesleycheung/Desktop/current/Kellan/kellanFinal/app.js: 1h 25m 28s",
    "secondMost": "/Users/lesleycheung/Desktop/current/Kellan/kellanFinal/public/libraries/remarkable.js: 44m 10s",
    "x": 11987.260049,
    "jsTime": "3h 19m 47s",
    "y": 35.91705501035792,
    "mostcodedHTML": "/Users/lesleycheung/Desktop/current/Kellan/kellanFinal/views/partials/gifts.pug: 1h 18m 10s\n",
    "mostcodedCSS": "/Users/lesleycheung/Desktop/current/Kellan/kellanFinal/public/css/drawings.css: 25m 29s\n"
}, {
    "id": 32,
    "color": "#4bf1ba",
    "title": "react_project",
    "fileLength": 76,
    "value": 33241.118841000025,
    "totalTime": "9h 14m 1s",
    "mostcodedJS": "/Users/lesleycheung/Desktop/react_project/src/exercises/work/01_WeeklyAssignmentOne.js: 2h 33m 4s",
    "secondMost": "/Users/lesleycheung/Desktop/react_project/src/App.js: 2h 18m 53s",
    "x": 28209.951495,
    "jsTime": "7h 50m 9s",
    "y": 84.86462693970903,
    "mostcodedHTML": "/Users/lesleycheung/Desktop/react_project/public/index.html: 21s\n",
    "mostcodedCSS": ""
}, {
    "id": 33,
    "color": "#f14bba",
    "title": "DatabaseClass",
    "fileLength": 45,
    "value": 32728.747618000005,
    "totalTime": "9h 5m 28s",
    "mostcodedJS": "",
    "secondMost": "",
    "x": 0,
    "jsTime": "0s",
    "y": 0,
    "mostcodedHTML": "",
    "mostcodedCSS": ""
}, {
    "id": 34,
    "color": "#d64bf1",
    "title": "fullstackmern",
    "fileLength": 51,
    "value": 32679.631318000003,
    "totalTime": "9h 4m 39s",
    "mostcodedJS": "/Users/lesleycheung/Desktop/fullstackmern/src/components/Current/current.js: 3h 12m 41s",
    "secondMost": "/Users/lesleycheung/Desktop/fullstackmern/src/components/BackendFunctionality/Express.js: 1h 12m 1s",
    "x": 28229.239029999997,
    "jsTime": "7h 50m 29s",
    "y": 86.3817549081445,
    "mostcodedHTML": "",
    "mostcodedCSS": ""
}, {
    "id": 35,
    "color": "#f14b82",
    "title": "debugging",
    "fileLength": 74,
    "value": 32652.320914999997,
    "totalTime": "9h 4m 12s",
    "mostcodedJS": "/Users/lesleycheung/Desktop/current/debugging/frontend/public/timer.js: 1h 25m 19s",
    "secondMost": "/Users/lesleycheung/Desktop/current/debugging/frontend/public/debug.js: 1h 9m 34s",
    "x": 25724.440833999997,
    "jsTime": "7h 8m 44s",
    "y": 78.78288621799796,
    "mostcodedHTML": "/Users/lesleycheung/Desktop/current/debugging/frontend/views/debug.handlebars: 15m 56s\n",
    "mostcodedCSS": ""
}, {
    "id": 36,
    "color": "#f14bf1",
    "title": "myexample",
    "fileLength": 85,
    "value": 31989.392251999998,
    "totalTime": "8h 53m 9s",
    "mostcodedJS": "/Users/lesleycheung/Desktop/current/Work/LectureExamples/03node/38_passportbcrypt/myexample/public/debug.js: 2h 31m 32s",
    "secondMost": "/Users/lesleycheung/Desktop/current/Work/LectureExamples/04react/59_reacttesting/myexample/exercises/src/App.test.js: 37m 55s",
    "x": 21413.20438,
    "jsTime": "5h 56m 53s",
    "y": 66.93845325761458,
    "mostcodedHTML": "/Users/lesleycheung/Desktop/current/Work/LectureExamples/03node/38_passportbcrypt/myexample/views/debug.handlebars: 48m 38s\n",
    "mostcodedCSS": ""
}, {
    "id": 37,
    "color": "#824bf1",
    "title": "students",
    "fileLength": 37,
    "value": 30895.7375,
    "totalTime": "8h 34m 55s",
    "mostcodedJS": "/Users/lesleycheung/Desktop/students/backend/index.js: 1h 36m 17s",
    "secondMost": "/Users/lesleycheung/Desktop/students/index.js: 1h 33m 2s",
    "x": 26833.944267000003,
    "jsTime": "7h 27m 13s",
    "y": 86.85322454917933,
    "mostcodedHTML": "",
    "mostcodedCSS": ""
}, {
    "id": 38,
    "color": "#f14bba",
    "title": "awsDeployment",
    "fileLength": 68,
    "value": 30573.795535000005,
    "totalTime": "8h 29m 33s",
    "mostcodedJS": "/Users/lesleycheung/Desktop/current/Kellan/awsDeployment/backend/0_config.js: 21m 7s",
    "secondMost": "/Users/lesleycheung/Desktop/current/Kellan/awsDeployment/public/rsvp.js: 20m 17s",
    "x": 6556.2498430000005,
    "jsTime": "1h 49m 16s",
    "y": 21.444016774085487,
    "mostcodedHTML": "/Users/lesleycheung/Desktop/current/Kellan/awsDeployment/views/pages/home.pug: 4h 6m 59s\n",
    "mostcodedCSS": ""
}, {
    "id": 39,
    "color": "#4bf1d6",
    "title": "FTWD_ans",
    "fileLength": 68,
    "value": 29076.50935499999,
    "totalTime": "8h 4m 36s",
    "mostcodedJS": "/Users/lesleycheung/Desktop/Work/FTWD_ans/FTWD_Web_day_09/Exercise_A/main.js: 1h 3m 22s",
    "secondMost": "/Users/lesleycheung/Desktop/Work/FTWD_ans/FTWD_Web_day_06/objectsAndArrays.js: 49m 12s",
    "x": 9658.136674,
    "jsTime": "2h 40m 58s",
    "y": 33.216286577189116,
    "mostcodedHTML": "/Users/lesleycheung/Desktop/Work/FTWD_ans/FTWD_Web_day_09/Exercise_A/index.html: 2h 42m 32s\n",
    "mostcodedCSS": ""
}, {
    "id": 40,
    "color": "#4bf1d6",
    "title": "STARTHERE",
    "fileLength": 48,
    "value": 28526.379651000003,
    "totalTime": "7h 55m 26s",
    "mostcodedJS": "/Users/lesleycheung/Desktop/current/optee/firstdraft/frontend/views/STARTHERE/current.js: 1h 26m 1s",
    "secondMost": "/Users/lesleycheung/Desktop/current/optee/firstdraft/frontend/STARTHERE/current.js: 1h 19m 9s",
    "x": 12500.553097000002,
    "jsTime": "3h 28m 20s",
    "y": 43.82102899118427,
    "mostcodedHTML": "/Users/lesleycheung/Desktop/current/optee/firstdraft/frontend/views/STARTHERE/current.handlebars: 3h 3m 16s\n",
    "mostcodedCSS": ""
}, {
    "id": 41,
    "color": "#4bbaf1",
    "title": "cscie97",
    "fileLength": 31,
    "value": 28478.526442000002,
    "totalTime": "7h 54m 38s",
    "mostcodedJS": "",
    "secondMost": "",
    "x": 0,
    "jsTime": "0s",
    "y": 0,
    "mostcodedHTML": "",
    "mostcodedCSS": ""
}, {
    "id": 42,
    "color": "#4bbaf1",
    "title": "uploadToReference",
    "fileLength": 27,
    "value": 26995.396376000004,
    "totalTime": "7h 29m 55s",
    "mostcodedJS": "/Users/lesleycheung/Desktop/uploadToReference/AmazonInterview/Playground.js: 1h 28m 24s",
    "secondMost": "/Users/lesleycheung/Desktop/uploadToReference/FindSmalltestLetterGreaterThanTarget.js: 1h 1m 48s",
    "x": 24734.569469000002,
    "jsTime": "6h 52m 14s",
    "y": 91.62513905885832,
    "mostcodedHTML": "",
    "mostcodedCSS": ""
}, {
    "id": 43,
    "color": "#d64bf1",
    "title": "note_personal",
    "fileLength": 42,
    "value": 26449.258314999995,
    "totalTime": "7h 20m 49s",
    "mostcodedJS": "/Users/lesleycheung/Desktop/note_personal/routes/noteRoutes.js: 1h 13m 39s",
    "secondMost": "/Users/lesleycheung/Desktop/note_personal/routes/userRoutes.js: 1h 5m 38s",
    "x": 18102.680880000004,
    "jsTime": "5h 1m 42s",
    "y": 68.4430567557108,
    "mostcodedHTML": "/Users/lesleycheung/Desktop/note_personal/views/notes.handlebars: 57m 14s\n",
    "mostcodedCSS": ""
}, {
    "id": 44,
    "color": "#f1f14b",
    "title": "agile",
    "fileLength": 90,
    "value": 26008.90989700001,
    "totalTime": "7h 13m 28s",
    "mostcodedJS": "/Users/lesleycheung/Desktop/agile/frontend/src/components/Navigation.js: 54m 8s",
    "secondMost": "/Users/lesleycheung/Desktop/agile/frontend/src/App.js: 48m 23s",
    "x": 17157.427986,
    "jsTime": "4h 45m 57s",
    "y": 65.96750134452586,
    "mostcodedHTML": "",
    "mostcodedCSS": ""
}, {
    "id": 45,
    "color": "#4bf19e",
    "title": "specialed",
    "fileLength": 65,
    "value": 25277.635673999997,
    "totalTime": "7h 1m 17s",
    "mostcodedJS": "/Users/lesleycheung/Desktop/specialed/src/components/Caseload/CaseloadPage.js: 54m 3s",
    "secondMost": "/Users/lesleycheung/Desktop/specialed/src/components/ProgressReports/Form.js: 50m 11s",
    "x": 16980.218276,
    "jsTime": "4h 43m 0s",
    "y": 67.17486751921766,
    "mostcodedHTML": "",
    "mostcodedCSS": ""
}, {
    "id": 46,
    "color": "#4b4bf1",
    "title": "secondDraftProjects",
    "fileLength": 92,
    "value": 25174.634804,
    "totalTime": "6h 59m 34s",
    "mostcodedJS": "/Users/lesleycheung/Desktop/secondDraftProjects/src/components/Card.js: 52m 39s",
    "secondMost": "/Users/lesleycheung/Desktop/secondDraftProjects/frontend/src/components/SingleProject.js: 35m 48s",
    "x": 10344.222908,
    "jsTime": "2h 52m 24s",
    "y": 41.08986282635729,
    "mostcodedHTML": "/Users/lesleycheung/Desktop/secondDraftProjects/frontend/public/index.html: 47s\n",
    "mostcodedCSS": ""
}, {
    "id": 47,
    "color": "#f14bba",
    "title": "FTWD_Web_Day_09",
    "fileLength": 71,
    "value": 24857.411053999993,
    "totalTime": "6h 54m 17s",
    "mostcodedJS": "/Users/lesleycheung/Desktop/thisweek/FTWD_Web_Day_09/Example/jspractice.js: 24m 26s",
    "secondMost": "/Users/lesleycheung/Desktop/thisweek/FTWD_Web_Day_09/Example/index.js: 9m 28s",
    "x": 2035.498712,
    "jsTime": "33m 55s",
    "y": 8.188699569629769,
    "mostcodedHTML": "/Users/lesleycheung/Desktop/thisweek/FTWD_Web_Day_09/Example/02_formatThis.html: 1h 24m 57s\n",
    "mostcodedCSS": ""
}, {
    "id": 48,
    "color": "#674bf1",
    "title": "FTWD_Web_Day_08",
    "fileLength": 86,
    "value": 24806.81076,
    "totalTime": "6h 53m 26s",
    "mostcodedJS": "/Users/lesleycheung/Desktop/Work/question_repos/FTWD_Web_Day_08/Exercise_C/c.js: 2h 18m 36s",
    "secondMost": "/Users/lesleycheung/Desktop/Work/question_repos/FTWD_Web_Day_08/Exercise_B/B.js: 1h 20m 14s",
    "x": 14197.034597000002,
    "jsTime": "3h 56m 37s",
    "y": 57.23039021159527,
    "mostcodedHTML": "/Users/lesleycheung/Desktop/FTWD_Web_Day_08/Example/01_api.html: 41m 33s\n",
    "mostcodedCSS": ""
}, {
    "id": 49,
    "color": "#d64bf1",
    "title": "duetonight",
    "fileLength": 36,
    "value": 23393.67050200001,
    "totalTime": "6h 29m 53s",
    "mostcodedJS": "/Users/lesleycheung/Desktop/duetonight/src/ForTeachers/TeacherSheet.js: 47m 50s",
    "secondMost": "/Users/lesleycheung/Desktop/duetonight/src/Caseload/CaseloadPage.js: 47m 12s",
    "x": 21023.721264,
    "jsTime": "5h 50m 23s",
    "y": 89.8692715288206,
    "mostcodedHTML": "",
    "mostcodedCSS": ""
}, {
    "id": 50,
    "color": "#4b67f1",
    "title": "Alina",
    "fileLength": 43,
    "value": 23053.627835000003,
    "totalTime": "6h 24m 13s",
    "mostcodedJS": "/Users/lesleycheung/Desktop/alina/index.js: 3h 18m 46s",
    "secondMost": "/Users/lesleycheung/Desktop/alina/src/pages/index.js: 11m 22s",
    "x": 13207.196010000001,
    "jsTime": "3h 40m 7s",
    "y": 57.28901370546481,
    "mostcodedHTML": "/Users/lesleycheung/Desktop/alina/public/index.html: 46s\n",
    "mostcodedCSS": ""
}, {
    "id": 51,
    "color": "#4bbaf1",
    "title": "00ans_repos",
    "fileLength": 88,
    "value": 22854.144403000002,
    "totalTime": "6h 20m 54s",
    "mostcodedJS": "/Users/lesleycheung/Desktop/Work/00ans_repos/Node/FTWD_Node_26_Ans/Exercises/Exercise_C-D-E-F-G-H/Song.test.js: 1h 23m 15s",
    "secondMost": "/Users/lesleycheung/Desktop/Work/00ans_repos/Node/FTWD_Node_27_Ans/Exercise_A.test.js: 1h 13m 18s",
    "x": 17187.981141999997,
    "jsTime": "4h 46m 27s",
    "y": 75.20728336582916,
    "mostcodedHTML": "/Users/lesleycheung/Desktop/Work/00ans_repos/Node/FTWD_Node_24_Ans/Class_Examples/newIndex.html: 0s\n",
    "mostcodedCSS": ""
}, {
    "id": 52,
    "color": "#4bbaf1",
    "title": "sportsarecool",
    "fileLength": 109,
    "value": 22780.346186000006,
    "totalTime": "6h 19m 40s",
    "mostcodedJS": "/Users/lesleycheung/Desktop/sportsarecool/src/pages/NBATeams/LAL.js: 2h 44m 46s",
    "secondMost": "/Users/lesleycheung/Desktop/sportsarecool/src/components/SoccerPage/EPLTeams.js: 25m 31s",
    "x": 17593.691785,
    "jsTime": "4h 53m 13s",
    "y": 77.23188946010161,
    "mostcodedHTML": "",
    "mostcodedCSS": ""
}, {
    "id": 53,
    "color": "#f1d64b",
    "title": "practice",
    "fileLength": 54,
    "value": 22412.696083,
    "totalTime": "6h 13m 32s",
    "mostcodedJS": "/Users/lesleycheung/NetBeansProjects/practice/js/TopKFrequentElements.js: 1h 30m 58s",
    "secondMost": "/Users/lesleycheung/NetBeansProjects/practice/js/MajorityElement.js: 1h 12m 57s",
    "x": 14008.65564,
    "jsTime": "3h 53m 28s",
    "y": 62.503215088993905,
    "mostcodedHTML": "/Users/lesleycheung/Desktop/current/PitterPatter/practice/index.html: 33m 1s\n",
    "mostcodedCSS": "/Users/lesleycheung/Desktop/current/PitterPatter/practice/scrollsnap/css/scrollsnap.css: 18m 43s\n"
}, {
    "id": 54,
    "color": "#4b4bf1",
    "title": "algos_ans",
    "fileLength": 26,
    "value": 21755.761938,
    "totalTime": "6h 2m 35s",
    "mostcodedJS": "/Users/lesleycheung/Desktop/Work/algos_ans/Queue/04_circularQueue.js: 1h 14m 40s",
    "secondMost": "/Users/lesleycheung/Desktop/Work/algos_ans/SamProblems/permutations.js: 39m 39s",
    "x": 18109.248373,
    "jsTime": "5h 1m 49s",
    "y": 83.23886069634376,
    "mostcodedHTML": "",
    "mostcodedCSS": ""
}, {
    "id": 55,
    "color": "#d6f14b",
    "title": "redux",
    "fileLength": 47,
    "value": 21621.47349700001,
    "totalTime": "6h 21s",
    "mostcodedJS": "/Users/lesleycheung/Desktop/current/Work/redux/Redux_HTML/redux.js: 2h 1m 58s",
    "secondMost": "/Users/lesleycheung/Desktop/current/Work/redux/cafe/src/components/OrderList.js: 26m 1s",
    "x": 12813.731425,
    "jsTime": "3h 33m 33s",
    "y": 59.263913843697615,
    "mostcodedHTML": "/Users/lesleycheung/Desktop/current/Work/redux/Redux_HTML/index.html: 54m 42s\n",
    "mostcodedCSS": ""
}, {
    "id": 56,
    "color": "#4bf1d6",
    "title": "FTWD_Web_Day_07",
    "fileLength": 77,
    "value": 20495.791045,
    "totalTime": "5h 41m 35s",
    "mostcodedJS": "/Users/lesleycheung/Desktop/thisweek/FTWD_Web_Day_07/Example/01_prototype.js: 45m 30s",
    "secondMost": "/Users/lesleycheung/Desktop/thisweek/FTWD_Web_Day_07/Example/00_reduce.js: 43m 5s",
    "x": 13349.278610999998,
    "jsTime": "3h 42m 29s",
    "y": 65.13180477733542,
    "mostcodedHTML": "/Users/lesleycheung/Desktop/thisweek/FTWD_Web_Day_07/Example/06_prompt.html: 16m 35s\n",
    "mostcodedCSS": ""
}, {
    "id": 57,
    "color": "#4b4bf1",
    "title": "functions",
    "fileLength": 45,
    "value": 19407.730653000002,
    "totalTime": "5h 23m 27s",
    "mostcodedJS": "/Users/lesleycheung/Desktop/functions/html_utils/createElements.js: 1h 9m 28s",
    "secondMost": "/Users/lesleycheung/Desktop/functions/makeObjects/opteedb.js: 1h 1m 25s",
    "x": 12692.700008,
    "jsTime": "3h 31m 32s",
    "y": 65.40022754302802,
    "mostcodedHTML": "",
    "mostcodedCSS": "/Users/lesleycheung/Desktop/functions/planning/colors.css: 38m 5s\n"
}, {
    "id": 58,
    "color": "#f14b82",
    "title": "CS601_HW1_Cheung",
    "fileLength": 43,
    "value": 18866.207987999995,
    "totalTime": "5h 14m 26s",
    "mostcodedJS": "",
    "secondMost": "",
    "x": 1478.631081,
    "jsTime": "24m 38s",
    "y": 7.8374577548413304,
    "mostcodedHTML": "/Users/lesleycheung/Desktop/current/cs601/CS601_HW1_Cheung/resume.html: 26m 33s\n",
    "mostcodedCSS": "/Users/lesleycheung/Desktop/current/cs601/CS601_HW1_Cheung/styles/home/block.css: 50m 4s\n"
}, {
    "id": 59,
    "color": "#4bf19e",
    "title": "CS701_HW1_lastName",
    "fileLength": 27,
    "value": 18827.579608000004,
    "totalTime": "5h 13m 47s",
    "mostcodedJS": "/Users/lesleycheung/Desktop/current/bu/CS701_HW1_lastName/part2_animation/animation.js: 1h 21m 55s",
    "secondMost": "/Users/lesleycheung/Desktop/current/bu/CS701_HW1_lastName/part2_animation/move.js: 37m 44s",
    "x": 10771.411347000001,
    "jsTime": "2h 59m 31s",
    "y": 57.21081292054734,
    "mostcodedHTML": "/Users/lesleycheung/Desktop/current/bu/CS701_HW1_lastName/examples/animationExample.html: 35m 3s\n",
    "mostcodedCSS": ""
}, {
    "id": 60,
    "color": "#f14bf1",
    "title": "postgres-node",
    "fileLength": 31,
    "value": 18791.152518,
    "totalTime": "5h 13m 11s",
    "mostcodedJS": "/Users/lesleycheung/Desktop/postgres-node/index.js: 1h 37m 40s",
    "secondMost": "/Users/lesleycheung/Desktop/postgres-node/package.json: 18m 7s",
    "x": 7503.958273,
    "jsTime": "2h 5m 3s",
    "y": 39.93346478249259,
    "mostcodedHTML": "",
    "mostcodedCSS": ""
}, {
    "id": 61,
    "color": "#f1f14b",
    "title": "frontend",
    "fileLength": 56,
    "value": 18694.508292000013,
    "totalTime": "5h 11m 34s",
    "mostcodedJS": "/Users/lesleycheung/Desktop/phonebook/frontend/src/components/services/persons.js: 57m 32s",
    "secondMost": "/Users/lesleycheung/Desktop/day58/frontend/src/redux/jokes.js: 55m 35s",
    "x": 11461.071257,
    "jsTime": "3h 11m 1s",
    "y": 61.30715543828753,
    "mostcodedHTML": "/Users/lesleycheung/Desktop/current/PitterPatter/optee/frontend/views/layouts/main.handlebars: 11m 31s\n",
    "mostcodedCSS": ""
}, {
    "id": 62,
    "color": "#4b67f1",
    "title": "boilerplate",
    "fileLength": 83,
    "value": 18635.95526699999,
    "totalTime": "5h 10m 35s",
    "mostcodedJS": "",
    "secondMost": "",
    "x": 1278.043913,
    "jsTime": "21m 18s",
    "y": 6.857946881119226,
    "mostcodedHTML": "/Users/lesleycheung/Desktop/draft2/boilerplate/views/pages/collections.pug: 14m 14s\n",
    "mostcodedCSS": ""
}, {
    "id": 63,
    "color": "#d6f14b",
    "title": "FTWD_Node_Day_27",
    "fileLength": 60,
    "value": 18330.598700000013,
    "totalTime": "5h 5m 30s",
    "mostcodedJS": "/Users/lesleycheung/Desktop/current/Work/LectureExamples/03node/FTWD_Node_Day_27/dropbox/index.js: 1h 25m 9s",
    "secondMost": "/Users/lesleycheung/Desktop/current/Work/LectureExamples/03node/FTWD_Node_Day_27/note_app/app.js: 36m 22s",
    "x": 11813.243203000002,
    "jsTime": "3h 16m 53s",
    "y": 64.44548482205327,
    "mostcodedHTML": "",
    "mostcodedCSS": ""
}, {
    "id": 64,
    "color": "#d6f14b",
    "title": "nasa",
    "fileLength": 32,
    "value": 17774.426420999993,
    "totalTime": "4h 56m 14s",
    "mostcodedJS": "/Users/lesleycheung/Desktop/nasa/src/pages/index.js: 2h 10m 26s",
    "secondMost": "/Users/lesleycheung/Desktop/nasa/src/components/quotebox.js: 1h 5m 17s",
    "x": 15433.815087999996,
    "jsTime": "4h 17m 13s",
    "y": 86.83157882251193,
    "mostcodedHTML": "",
    "mostcodedCSS": ""
}, {
    "id": 65,
    "color": "#f1d64b",
    "title": "FTWD_Web_Day_06",
    "fileLength": 100,
    "value": 17347.973835000015,
    "totalTime": "4h 49m 7s",
    "mostcodedJS": "/Users/lesleycheung/Desktop/upcomingLectures/FTWD_Web_Day_06/Example.22/01_objectsmaps.js: 46m 46s",
    "secondMost": "/Users/lesleycheung/Desktop/thisweek/FTWD_Web_Day_06/Examples/01_objects.js: 27m 9s",
    "x": 10033.38105,
    "jsTime": "2h 47m 13s",
    "y": 57.8360397901764,
    "mostcodedHTML": "/Users/lesleycheung/Desktop/FTWD_Web_Day_06/GameTwo/index.html: 45s\n",
    "mostcodedCSS": ""
}, {
    "id": 66,
    "color": "#d6f14b",
    "title": "DailyAlgorithms",
    "fileLength": 188,
    "value": 17025.56475799999,
    "totalTime": "4h 43m 45s",
    "mostcodedJS": "/Users/lesleycheung/Desktop/DailyAlgorithms/05_Gigasecond/gigasecond.js: 27m 25s",
    "secondMost": "/Users/lesleycheung/Desktop/DailyAlgorithms/16_sortArray/sortArray.test.js: 18m 15s",
    "x": 5800.62552,
    "jsTime": "1h 36m 40s",
    "y": 34.070091667733934,
    "mostcodedHTML": "",
    "mostcodedCSS": ""
}, {
    "id": 67,
    "color": "#4bbaf1",
    "title": "FTWD_Node_Day_26",
    "fileLength": 46,
    "value": 16843.418944,
    "totalTime": "4h 40m 43s",
    "mostcodedJS": "/Users/lesleycheung/Desktop/current/Work/LectureExamples/03node/FTWD_Node_Day_26/LectureExample/app.js: 1h 34m 12s",
    "secondMost": "/Users/lesleycheung/Desktop/current/Work/LectureExamples/03node/FTWD_Node_Day_26/LectureExample/1_basicJest.js: 33m 33s",
    "x": 14501.120602,
    "jsTime": "4h 1m 41s",
    "y": 86.09368828390758,
    "mostcodedHTML": "/Users/lesleycheung/Desktop/current/Work/LectureExamples/03node/FTWD_Node_Day_26/LectureExample/public/index.html: 3m 15s\n",
    "mostcodedCSS": ""
}, {
    "id": 68,
    "color": "#4bf19e",
    "title": "source_code",
    "fileLength": 81,
    "value": 16831.859131999994,
    "totalTime": "4h 40m 31s",
    "mostcodedJS": "/Users/lesleycheung/Desktop/delete/source_code/app/index.js: 21m 13s",
    "secondMost": "/Users/lesleycheung/Desktop/delete/source_code/app/components/Preloader.js: 21m 5s",
    "x": 4955.802806,
    "jsTime": "1h 22m 35s",
    "y": 29.442991217638248,
    "mostcodedHTML": "/Users/lesleycheung/Desktop/delete/source_code/views/pages/about.pug: 34m 58s\n",
    "mostcodedCSS": ""
}, {
    "id": 69,
    "color": "#f14bf1",
    "title": "personal_portfolio",
    "fileLength": 28,
    "value": 14576.569727000002,
    "totalTime": "4h 2m 56s",
    "mostcodedJS": "/Users/lesleycheung/Desktop/personal_portfolio/src/dummyData/resumes.js: 33m 12s",
    "secondMost": "/Users/lesleycheung/Desktop/personal_portfolio/src/pages/BlogsPage.js: 28m 40s",
    "x": 12001.889749,
    "jsTime": "3h 20m 1s",
    "y": 82.33685958891307,
    "mostcodedHTML": "",
    "mostcodedCSS": ""
}, {
    "id": 70,
    "color": "#f1f14b",
    "title": "codeAlong",
    "fileLength": 6,
    "value": 14398.917651000002,
    "totalTime": "3h 59m 58s",
    "mostcodedJS": "/Users/lesleycheung/Desktop/codeAlong/classes.js: 1h 30m 44s",
    "secondMost": "/Users/lesleycheung/Desktop/codeAlong/03_jsIntro.js: 47m 49s",
    "x": 9055.971679,
    "jsTime": "2h 30m 55s",
    "y": 62.893419481227916,
    "mostcodedHTML": "/Users/lesleycheung/Desktop/codeAlong/index.html: 1h 20m 45s\n",
    "mostcodedCSS": ""
}, {
    "id": 71,
    "color": "#f1d64b",
    "title": "FTWD_Web_Day_04",
    "fileLength": 32,
    "value": 14385.221675000004,
    "totalTime": "3h 59m 45s",
    "mostcodedJS": "",
    "secondMost": "",
    "x": 1395.61305,
    "jsTime": "23m 15s",
    "y": 9.701713894513201,
    "mostcodedHTML": "/Users/lesleycheung/Desktop/FTWD_Web_Day_04/Example/index.html: 37m 54s\n",
    "mostcodedCSS": ""
}, {
    "id": 72,
    "color": "#4b67f1",
    "title": "Assignment3",
    "fileLength": 11,
    "value": 14075.483401000001,
    "totalTime": "3h 54m 35s",
    "mostcodedJS": "",
    "secondMost": "",
    "x": 0,
    "jsTime": "0s",
    "y": 0,
    "mostcodedHTML": "",
    "mostcodedCSS": ""
}, {
    "id": 73,
    "color": "#f1ba4b",
    "title": "14canvasproject",
    "fileLength": 34,
    "value": 13948.470803000002,
    "totalTime": "3h 52m 28s",
    "mostcodedJS": "/Users/lesleycheung/Desktop/current/Work/LectureExamples/02web/14canvasproject/assets/javascript/main.js: 1h 27m 31s",
    "secondMost": "/Users/lesleycheung/Desktop/current/Work/LectureExamples/02web/14canvasproject/assets/javascript/textFunction.js: 20m 44s",
    "x": 10212.119322999999,
    "jsTime": "2h 50m 12s",
    "y": 73.21318205579641,
    "mostcodedHTML": "/Users/lesleycheung/Desktop/current/Work/LectureExamples/02web/14canvasproject/canvas.html: 19m 1s\n",
    "mostcodedCSS": ""
}, {
    "id": 74,
    "color": "#4b4bf1",
    "title": "happy",
    "fileLength": 24,
    "value": 13748.502136000001,
    "totalTime": "3h 49m 8s",
    "mostcodedJS": "/Users/lesleycheung/Desktop/happy/src/redux/happy.js: 53m 13s",
    "secondMost": "/Users/lesleycheung/Desktop/happy/src/components/HappyForm.js: 34m 29s",
    "x": 11316.411852000003,
    "jsTime": "3h 8m 36s",
    "y": 82.31014360734142,
    "mostcodedHTML": "",
    "mostcodedCSS": ""
}, {
    "id": 75,
    "color": "#824bf1",
    "title": "agileproject",
    "fileLength": 55,
    "value": 13418.094455999995,
    "totalTime": "3h 43m 38s",
    "mostcodedJS": "/Users/lesleycheung/Desktop/agile/agileproject/frontend/src/pages/TrainingPage/TrainingPage.js: 53m 54s",
    "secondMost": "/Users/lesleycheung/Desktop/agile/agileproject/frontend/src/components/Navigation.js: 20m 23s",
    "x": 7798.002285,
    "jsTime": "2h 9m 58s",
    "y": 58.11557155578875,
    "mostcodedHTML": "",
    "mostcodedCSS": ""
}, {
    "id": 76,
    "color": "#f14b82",
    "title": "python",
    "fileLength": 43,
    "value": 13293.802048000005,
    "totalTime": "3h 41m 33s",
    "mostcodedJS": "",
    "secondMost": "",
    "x": 0,
    "jsTime": "0s",
    "y": 0,
    "mostcodedHTML": "",
    "mostcodedCSS": ""
}, {
    "id": 77,
    "color": "#f1d64b",
    "title": "sept22",
    "fileLength": 21,
    "value": 12784.486102999997,
    "totalTime": "3h 33m 4s",
    "mostcodedJS": "",
    "secondMost": "",
    "x": 0,
    "jsTime": "0s",
    "y": 0,
    "mostcodedHTML": "/Users/lesleycheung/Desktop/sept22/home.html: 1h 55m 26s\n",
    "mostcodedCSS": ""
}, {
    "id": 78,
    "color": "#4b4bf1",
    "title": "jestexamples",
    "fileLength": 34,
    "value": 12118.447688,
    "totalTime": "3h 21m 58s",
    "mostcodedJS": "/Users/lesleycheung/Desktop/jestexamples/spyon.test.js: 12m 32s",
    "secondMost": "/Users/lesleycheung/Desktop/jestexamples/__tests__/data.spec.js: 12m 26s",
    "x": 2148.522684,
    "jsTime": "35m 48s",
    "y": 17.729355601605004,
    "mostcodedHTML": "",
    "mostcodedCSS": ""
}, {
    "id": 79,
    "color": "#f14b82",
    "title": "Assignment2",
    "fileLength": 14,
    "value": 12092.062038999999,
    "totalTime": "3h 21m 32s",
    "mostcodedJS": "",
    "secondMost": "",
    "x": 0,
    "jsTime": "0s",
    "y": 0,
    "mostcodedHTML": "",
    "mostcodedCSS": ""
}, {
    "id": 80,
    "color": "#4bf19e",
    "title": "FTWD_Node_Day_29",
    "fileLength": 35,
    "value": 11918.524440999998,
    "totalTime": "3h 18m 38s",
    "mostcodedJS": "/Users/lesleycheung/Desktop/current/Work/LectureExamples/03node/FTWD_Node_Day_29/NoteTakingApp/Routes/NoteRouter.js: 47m 1s",
    "secondMost": "/Users/lesleycheung/Desktop/current/Work/LectureExamples/03node/FTWD_Node_Day_29/LectureExample/app.js: 41m 34s",
    "x": 9788.019741,
    "jsTime": "2h 43m 8s",
    "y": 82.1244256321612,
    "mostcodedHTML": "",
    "mostcodedCSS": ""
}, {
    "id": 81,
    "color": "#4b4bf1",
    "title": "react-composable-content",
    "fileLength": 37,
    "value": 11624.909143000003,
    "totalTime": "3h 13m 44s",
    "mostcodedJS": "/Users/lesleycheung/Desktop/delete/react-composable-content/stories/index.stories.js: 2h 5m 49s",
    "secondMost": "/Users/lesleycheung/Desktop/delete/react-composable-content/src/Composable/ComposableContext.jsx: 15m 58s",
    "x": 8508.3415,
    "jsTime": "2h 21m 48s",
    "y": 73.19060644119821,
    "mostcodedHTML": "",
    "mostcodedCSS": ""
}, {
    "id": 82,
    "color": "#4bf19e",
    "title": "Portfolio",
    "fileLength": 34,
    "value": 11577.235713000005,
    "totalTime": "3h 12m 57s",
    "mostcodedJS": "/Users/lesleycheung/Desktop/portfolio/frontend/src/components/Accordion.js: 21m 36s",
    "secondMost": "/Users/lesleycheung/Desktop/portfolio/frontend/src/pages/BlogsPage.js: 21m 1s",
    "x": 8809.002309000001,
    "jsTime": "2h 26m 49s",
    "y": 76.0889950535293,
    "mostcodedHTML": "",
    "mostcodedCSS": ""
}, {
    "id": 83,
    "color": "#4bbaf1",
    "title": "FTSE-assessment-1",
    "fileLength": 24,
    "value": 11559.719525999999,
    "totalTime": "3h 12m 39s",
    "mostcodedJS": "/Users/lesleycheung/Desktop/Delete/FTSE-assessment-1/js-datatypes/answer.js: 22m 0s",
    "secondMost": "/Users/lesleycheung/Desktop/FTSE-assessment-1/functions/isLeap.js: 19m 34s",
    "x": 8273.86941,
    "jsTime": "2h 17m 53s",
    "y": 71.57500137776267,
    "mostcodedHTML": "",
    "mostcodedCSS": ""
}, {
    "id": 84,
    "color": "#f1d64b",
    "title": "FTWD_Node_Day_24",
    "fileLength": 27,
    "value": 11453.971312,
    "totalTime": "3h 10m 53s",
    "mostcodedJS": "/Users/lesleycheung/Desktop/current/Work/LectureExamples/03node/FTWD_Node_Day_24/LectureExample/promises.js: 58m 17s",
    "secondMost": "/Users/lesleycheung/Desktop/current/Work/LectureExamples/03node/FTWD_Node_Day_24/DoNow/index.js: 35m 46s",
    "x": 9630.013942,
    "jsTime": "2h 40m 30s",
    "y": 84.07576446355255,
    "mostcodedHTML": "",
    "mostcodedCSS": ""
}, {
    "id": 85,
    "color": "#4bf19e",
    "title": "cs601",
    "fileLength": 49,
    "value": 11446.576465000002,
    "totalTime": "3h 10m 46s",
    "mostcodedJS": "",
    "secondMost": "",
    "x": 755.874529,
    "jsTime": "12m 35s",
    "y": 6.603498708205239,
    "mostcodedHTML": "/Users/lesleycheung/Desktop/current/cs601/CS601_HW1_Cheung/final.html: 54m 5s\n",
    "mostcodedCSS": ""
}, {
    "id": 86,
    "color": "#4bf19e",
    "title": "fuck",
    "fileLength": 70,
    "value": 11440.461947999998,
    "totalTime": "3h 10m 40s",
    "mostcodedJS": "/Users/lesleycheung/Desktop/fuck/wakatime.js: 25m 43s",
    "secondMost": "/Users/lesleycheung/Desktop/fuck/db.json: 17m 15s",
    "x": 2589.6610279999995,
    "jsTime": "43m 9s",
    "y": 22.63598305532339,
    "mostcodedHTML": "/Users/lesleycheung/Desktop/fuck/test.html: 4m 3s\n",
    "mostcodedCSS": ""
}, {
    "id": 87,
    "color": "#f1f14b",
    "title": "NodeProjects",
    "fileLength": 32,
    "value": 11426.178387,
    "totalTime": "3h 10m 26s",
    "mostcodedJS": "/Users/lesleycheung/Desktop/NodeProjects/checkins/index.js: 1h 15m 41s",
    "secondMost": "/Users/lesleycheung/Desktop/NodeProjects/app.js: 23m 0s",
    "x": 7459.005730000001,
    "jsTime": "2h 4m 19s",
    "y": 65.27996918450351,
    "mostcodedHTML": "/Users/lesleycheung/Desktop/NodeProjects/views/home.handlebars: 26m 51s\n",
    "mostcodedCSS": ""
}, {
    "id": 88,
    "color": "#4bf1d6",
    "title": "note",
    "fileLength": 16,
    "value": 10420.282542000003,
    "totalTime": "2h 53m 40s",
    "mostcodedJS": "/Users/lesleycheung/Desktop/note/app.js: 59m 48s",
    "secondMost": "/Users/lesleycheung/Desktop/note/NoteRouter/NoteRouter.js: 21m 58s",
    "x": 7587.022236,
    "jsTime": "2h 6m 27s",
    "y": 72.81013931646997,
    "mostcodedHTML": "",
    "mostcodedCSS": ""
}, {
    "id": 89,
    "color": "#baf14b",
    "title": "FTWD_Node_Weekly_02_Ans",
    "fileLength": 19,
    "value": 10182.394470999998,
    "totalTime": "2h 49m 42s",
    "mostcodedJS": "/Users/lesleycheung/Desktop/NodeProjects/FTWD_Node_Weekly_02_Ans/Service/NoteService.js: 1h 8m 44s",
    "secondMost": "/Users/lesleycheung/Desktop/NodeProjects/FTWD_Node_Weekly_02_Ans/index.js: 37m 5s",
    "x": 8455.611371,
    "jsTime": "2h 20m 55s",
    "y": 83.04148297418679,
    "mostcodedHTML": "",
    "mostcodedCSS": ""
}, {
    "id": 90,
    "color": "#674bf1",
    "title": "FTWD_Node_Day_36",
    "fileLength": 22,
    "value": 10080.930225999997,
    "totalTime": "2h 48m 0s",
    "mostcodedJS": "/Users/lesleycheung/Desktop/current/Work/LectureExamples/03node/FTWD_Node_Day_36/LectureExample/redisFullstack/index.js: 45m 36s",
    "secondMost": "/Users/lesleycheung/Desktop/FTWD_Node_Day_36/Exercise_C_1.js: 43m 26s",
    "x": 8094.486374,
    "jsTime": "2h 14m 54s",
    "y": 80.29503421344286,
    "mostcodedHTML": "",
    "mostcodedCSS": ""
}, {
    "id": 91,
    "color": "#824bf1",
    "title": "FTWD_Node_Day_21",
    "fileLength": 77,
    "value": 9975.269253999999,
    "totalTime": "2h 46m 15s",
    "mostcodedJS": "/Users/lesleycheung/Desktop/current/Work/LectureExamples/03node/FTWD_Node_Day_21/LectureExample/events.js: 32m 31s",
    "secondMost": "/Users/lesleycheung/Desktop/current/Work/LectureExamples/03node/FTWD_Node_Day_21/LectureExample/package.json: 13m 30s",
    "x": 6110.646633000001,
    "jsTime": "1h 41m 50s",
    "y": 61.25796183947298,
    "mostcodedHTML": "",
    "mostcodedCSS": ""
}, {
    "id": 92,
    "color": "#baf14b",
    "title": "davidyu",
    "fileLength": 20,
    "value": 9669.507944000003,
    "totalTime": "2h 41m 9s",
    "mostcodedJS": "",
    "secondMost": "",
    "x": 535.2251869999999,
    "jsTime": "8m 55s",
    "y": 5.53518534862067,
    "mostcodedHTML": "/Users/lesleycheung/Desktop/davidyu/home2.html: 43m 25s\n",
    "mostcodedCSS": ""
}, {
    "id": 93,
    "color": "#674bf1",
    "title": "rareBreedPigs",
    "fileLength": 27,
    "value": 9629.698922000001,
    "totalTime": "2h 40m 29s",
    "mostcodedJS": "/Users/lesleycheung/Desktop/rareBreedPigs/public/assets/js/main.js: 25m 4s",
    "secondMost": "/Users/lesleycheung/Desktop/rareBreedPigs/Services/orderService.js: 19m 40s",
    "x": 6582.6947390000005,
    "jsTime": "1h 49m 42s",
    "y": 68.35826117015125,
    "mostcodedHTML": "/Users/lesleycheung/Desktop/rareBreedPigs/views/order.handlebars: 15m 33s\n",
    "mostcodedCSS": ""
}, {
    "id": 94,
    "color": "#4bbaf1",
    "title": "ToUploadToReference",
    "fileLength": 21,
    "value": 9560.532546,
    "totalTime": "2h 39m 20s",
    "mostcodedJS": "/Users/lezzles11/Desktop/ToUploadToReference/MinSizeSubarraySum.js: 40m 50s",
    "secondMost": "/Users/lezzles11/Desktop/ToUploadToReference/SubstringWithConcatenationOfAllWords.js: 28m 9s",
    "x": 7263.956232,
    "jsTime": "2h 1m 3s",
    "y": 75.97857333835596,
    "mostcodedHTML": "",
    "mostcodedCSS": ""
}, {
    "id": 95,
    "color": "#d6f14b",
    "title": "notetakingapp",
    "fileLength": 26,
    "value": 9481.433226999996,
    "totalTime": "2h 38m 1s",
    "mostcodedJS": "/Users/lesleycheung/Desktop/notetakingapp/controller/service.js: 38m 25s",
    "secondMost": "/Users/lesleycheung/Desktop/notetakingapp/app.js: 21m 27s",
    "x": 5546.030072,
    "jsTime": "1h 32m 26s",
    "y": 58.49358360935069,
    "mostcodedHTML": "",
    "mostcodedCSS": ""
}, {
    "id": 96,
    "color": "#674bf1",
    "title": "FTWD_Web_Day_03",
    "fileLength": 54,
    "value": 9398.346560000005,
    "totalTime": "2h 36m 38s",
    "mostcodedJS": "",
    "secondMost": "",
    "x": 0,
    "jsTime": "0s",
    "y": 0,
    "mostcodedHTML": "/Users/lesleycheung/Desktop/FTWD_Web_Day_03/Example/01_basic.html: 33m 32s\n",
    "mostcodedCSS": ""
}, {
    "id": 97,
    "color": "#4bf1ba",
    "title": "FTWD_Node_Day_23",
    "fileLength": 31,
    "value": 9397.825250999998,
    "totalTime": "2h 36m 37s",
    "mostcodedJS": "/Users/lesleycheung/Desktop/Work/00question_repos/FTWD_Node_Day_23/Exercise_B/app.js: 31m 9s",
    "secondMost": "/Users/lesleycheung/Desktop/current/Work/LectureExamples/03node/FTWD_Node_Day_23/LectureExample/express.js: 24m 53s",
    "x": 7134.235636999999,
    "jsTime": "1h 58m 54s",
    "y": 75.91368690581753,
    "mostcodedHTML": "/Users/lesleycheung/Desktop/current/Work/LectureExamples/03node/FTWD_Node_Day_23/LectureExample/public/multiply.html: 2m 57s\n",
    "mostcodedCSS": ""
}, {
    "id": 98,
    "color": "#4bf19e",
    "title": "debugger",
    "fileLength": 10,
    "value": 9253.169951999998,
    "totalTime": "2h 34m 13s",
    "mostcodedJS": "",
    "secondMost": "",
    "x": 3127.957864,
    "jsTime": "52m 7s",
    "y": 33.80417608480126,
    "mostcodedHTML": "/Users/lesleycheung/Desktop/current/Work/Videos/jquery/debugger/codeTogether.html: 43m 6s\n",
    "mostcodedCSS": ""
}, {
    "id": 99,
    "color": "#4bf1ba",
    "title": "hongkong",
    "fileLength": 16,
    "value": 9083.033366,
    "totalTime": "2h 31m 23s",
    "mostcodedJS": "/Users/lesleycheung/Desktop/hongkong/src/pages/HomePage.js: 52m 5s",
    "secondMost": "/Users/lesleycheung/Desktop/hongkong/src/App.js: 48m 55s",
    "x": 7898.258147,
    "jsTime": "2h 11m 38s",
    "y": 86.95617233517052,
    "mostcodedHTML": "",
    "mostcodedCSS": ""
}, {
    "id": 100,
    "color": "#d64bf1",
    "title": "RWallet",
    "fileLength": 163,
    "value": 9054.598846000008,
    "totalTime": "2h 30m 54s",
    "mostcodedJS": "/Users/lesleycheung/Desktop/delete/RWallet/src/redux/actions/Login.tsx: 9m 35s",
    "secondMost": "/Users/lesleycheung/Desktop/delete/RWallet/src/pages/Login/Login.tsx: 8m 3s",
    "x": 8494.236682,
    "jsTime": "2h 21m 34s",
    "y": 93.81129773355387,
    "mostcodedHTML": "",
    "mostcodedCSS": ""
}, {
    "id": 101,
    "color": "#4bbaf1",
    "title": "cd521",
    "fileLength": 18,
    "value": 9051.081653,
    "totalTime": "2h 30m 51s",
    "mostcodedJS": "/Users/lesleycheung/Desktop/current/cd521/fizzBuzz.js: 28m 41s",
    "secondMost": "/Users/lesleycheung/Desktop/current/cd521/hw2.js: 11m 43s",
    "x": 2938.657304,
    "jsTime": "48m 58s",
    "y": 32.46747092405222,
    "mostcodedHTML": "",
    "mostcodedCSS": ""
}, {
    "id": 102,
    "color": "#f1ba4b",
    "title": "FTWD_Node_Day_32",
    "fileLength": 25,
    "value": 8946.462699,
    "totalTime": "2h 29m 6s",
    "mostcodedJS": "/Users/lesleycheung/Desktop/current/Work/LectureExamples/03node/FTWD_Node_Day_32/LectureExample/lecture.js: 41m 36s",
    "secondMost": "/Users/lesleycheung/Desktop/current/Work/LectureExamples/03node/FTWD_Node_Day_32/DoNow/index.js: 21m 53s",
    "x": 5487.8581269999995,
    "jsTime": "1h 31m 27s",
    "y": 61.34109437033042,
    "mostcodedHTML": "",
    "mostcodedCSS": ""
}, {
    "id": 103,
    "color": "#f14bba",
    "title": "FINAL_HOMEWORK",
    "fileLength": 101,
    "value": 8939.722174999999,
    "totalTime": "2h 28m 59s",
    "mostcodedJS": "/Users/lesleycheung/Desktop/FINAL_HOMEWORK/exam/question1.js: 38m 0s",
    "secondMost": "/Users/lesleycheung/Desktop/FINAL_HOMEWORK/exam/question2Main.js: 26m 16s",
    "x": 4985.904789000003,
    "jsTime": "1h 23m 5s",
    "y": 55.77248030082102,
    "mostcodedHTML": "/Users/lesleycheung/Desktop/FINAL_HOMEWORK/exam/part3.html: 4m 52s\n",
    "mostcodedCSS": ""
}, {
    "id": 104,
    "color": "#d64bf1",
    "title": "Delete",
    "fileLength": 17,
    "value": 8764.832548000002,
    "totalTime": "2h 26m 4s",
    "mostcodedJS": "/Users/lesleycheung/Desktop/Delete/test2.js: 49m 40s",
    "secondMost": "/Users/lezzles11/Desktop/Delete/delete.js: 24m 10s",
    "x": 6063.251393,
    "jsTime": "1h 41m 3s",
    "y": 69.17703629584501,
    "mostcodedHTML": "/Users/lesleycheung/Desktop/Delete/test.html: 23m 13s\n",
    "mostcodedCSS": ""
}, {
    "id": 105,
    "color": "#f1ba4b",
    "title": "fcc_mongo",
    "fileLength": 6,
    "value": 8677.682822000002,
    "totalTime": "2h 24m 37s",
    "mostcodedJS": "",
    "secondMost": "",
    "x": 7784.399236000001,
    "jsTime": "2h 9m 44s",
    "y": 89.7059663930639,
    "mostcodedHTML": "",
    "mostcodedCSS": ""
}, {
    "id": 106,
    "color": "#f14bf1",
    "title": "User",
    "fileLength": 32,
    "value": 8520.089477999998,
    "totalTime": "2h 22m 0s",
    "mostcodedJS": "/Users/lesleycheung/Library/Application Support/Code/User/settings.json: 1h 22m 7s",
    "secondMost": "/Users/lesleycheung/Library/Application Support/Code/User/keybindings.json: 11m 18s",
    "x": 5605.491435,
    "jsTime": "1h 33m 25s",
    "y": 65.79146204361027,
    "mostcodedHTML": "",
    "mostcodedCSS": ""
}, {
    "id": 107,
    "color": "#f1d64b",
    "title": "components",
    "fileLength": 71,
    "value": 8513.370907000002,
    "totalTime": "2h 21m 53s",
    "mostcodedJS": "",
    "secondMost": "",
    "x": 1219.0726310000002,
    "jsTime": "20m 19s",
    "y": 14.319505684847286,
    "mostcodedHTML": "/Users/lesleycheung/Desktop/components/frontend/views/dashboard/addProblemModal.handlebars: 16m 57s\n",
    "mostcodedCSS": "/Users/lesleycheung/Desktop/components/sass.css: 18m 38s\n"
}, {
    "id": 108,
    "color": "#f14bba",
    "title": "playground",
    "fileLength": 36,
    "value": 8451.145726999996,
    "totalTime": "2h 20m 51s",
    "mostcodedJS": "/Users/lesleycheung/Desktop/playground/src/components/redux.js: 40m 48s",
    "secondMost": "/Users/lesleycheung/Desktop/playground/src/App.js: 39m 14s",
    "x": 5845.359909000001,
    "jsTime": "1h 37m 25s",
    "y": 69.16647869797174,
    "mostcodedHTML": "",
    "mostcodedCSS": ""
}, {
    "id": 109,
    "color": "#d6f14b",
    "title": "FTWD_Web_Canvas_Ans",
    "fileLength": 21,
    "value": 8399.834695000001,
    "totalTime": "2h 19m 59s",
    "mostcodedJS": "/Users/lesleycheung/Desktop/FTWD_Web_Canvas_Ans/javascript/eraser.js: 20m 3s",
    "secondMost": "/Users/lesleycheung/Desktop/FTWD_Web_Canvas_Ans/javascript/drawing-fuzzy-line.js: 16m 16s",
    "x": 3359.319394,
    "jsTime": "55m 59s",
    "y": 39.99268457032415,
    "mostcodedHTML": "/Users/lesleycheung/Desktop/FTWD_Web_Canvas_Ans/index.html: 55m 19s\n",
    "mostcodedCSS": ""
}, {
    "id": 110,
    "color": "#f1f14b",
    "title": "chat",
    "fileLength": 39,
    "value": 8267.487568999999,
    "totalTime": "2h 17m 47s",
    "mostcodedJS": "",
    "secondMost": "",
    "x": 0,
    "jsTime": "0s",
    "y": 0,
    "mostcodedHTML": "/Users/lesleycheung/Desktop/delete/chat/index.html: 1m 10s\n",
    "mostcodedCSS": ""
}, {
    "id": 111,
    "color": "#4bf1ba",
    "title": "sharelinkexample",
    "fileLength": 46,
    "value": 8234.973148,
    "totalTime": "2h 17m 14s",
    "mostcodedJS": "/Users/lesleycheung/Desktop/sharelinkexample/frontend/src/App.js: 30m 49s",
    "secondMost": "/Users/lesleycheung/Desktop/sharelinkexample/backend/routers/AuthRouter.js: 15m 10s",
    "x": 4062.9690219999998,
    "jsTime": "1h 7m 42s",
    "y": 49.33797535195072,
    "mostcodedHTML": "",
    "mostcodedCSS": ""
}, {
    "id": 112,
    "color": "#4b4bf1",
    "title": "FTWD_March_2021",
    "fileLength": 31,
    "value": 8196.157155,
    "totalTime": "2h 16m 36s",
    "mostcodedJS": "/Users/lesleycheung/Desktop/FTWD_March_2021/03_jsintro/00_codeAlongAns.js: 17m 54s",
    "secondMost": "/Users/lesleycheung/Desktop/FTWD_March_2021/03_jsintro/05_JSWithHTML/05_jsWithHTML.js: 13m 57s",
    "x": 3899.091555,
    "jsTime": "1h 4m 59s",
    "y": 47.572191226487035,
    "mostcodedHTML": "/Users/lesleycheung/Desktop/FTWD_March_2021/01_html/codeAlong/home.html: 23m 6s\n",
    "mostcodedCSS": ""
}, {
    "id": 113,
    "color": "#4bf1ba",
    "title": "secretapp",
    "fileLength": 15,
    "value": 8085.909052,
    "totalTime": "2h 14m 45s",
    "mostcodedJS": "/Users/lesleycheung/Desktop/clement/secretapp/src/components/ProjectCard.js: 43m 59s",
    "secondMost": "/Users/lesleycheung/Desktop/clement/secretapp/src/components/Searchbar.js: 31m 35s",
    "x": 6902.334426,
    "jsTime": "1h 55m 2s",
    "y": 85.36250385221376,
    "mostcodedHTML": "",
    "mostcodedCSS": ""
}, {
    "id": 114,
    "color": "#4b4bf1",
    "title": "pandan",
    "fileLength": 31,
    "value": 8059.935957999997,
    "totalTime": "2h 14m 19s",
    "mostcodedJS": "/Users/lesleycheung/Desktop/pandan/src/pages/index.js: 28m 28s",
    "secondMost": "/Users/lesleycheung/Desktop/pandan/src/pages/order.js: 17m 10s",
    "x": 3638.841859,
    "jsTime": "1h 38s",
    "y": 45.147280052370874,
    "mostcodedHTML": "",
    "mostcodedCSS": ""
}, {
    "id": 115,
    "color": "#f14bba",
    "title": "webpack",
    "fileLength": 73,
    "value": 8015.9207369999995,
    "totalTime": "2h 13m 35s",
    "mostcodedJS": "/Users/lesleycheung/Desktop/delete/webpack/webpack.config.js: 1h 8m 43s",
    "secondMost": "/Users/lesleycheung/Desktop/delete/webpack/package.json: 9m 9s",
    "x": 4673.668579,
    "jsTime": "1h 17m 53s",
    "y": 58.30482526389284,
    "mostcodedHTML": "/Users/lesleycheung/Desktop/delete/webpack/dist/index.html: 4m 28s\n",
    "mostcodedCSS": ""
}, {
    "id": 116,
    "color": "#f14b82",
    "title": "extensions",
    "fileLength": 5,
    "value": 7822.615589,
    "totalTime": "2h 10m 22s",
    "mostcodedJS": "",
    "secondMost": "",
    "x": 1108.4595100000001,
    "jsTime": "18m 28s",
    "y": 14.16993456202415,
    "mostcodedHTML": "",
    "mostcodedCSS": ""
}, {
    "id": 117,
    "color": "#4bf1ba",
    "title": "ans_repos",
    "fileLength": 176,
    "value": 7803.8512160000055,
    "totalTime": "2h 10m 3s",
    "mostcodedJS": "",
    "secondMost": "",
    "x": 527.853057,
    "jsTime": "8m 47s",
    "y": 6.764007185551649,
    "mostcodedHTML": "/Users/lesleycheung/Desktop/ans_repos/Node/FTWD_Node_22_Ans/Exercise_C/flowershop/index.html: 3m 4s\n",
    "mostcodedCSS": ""
}, {
    "id": 118,
    "color": "#f1d64b",
    "title": "CS601_HW4_cheung",
    "fileLength": 3,
    "value": 7796.484839999999,
    "totalTime": "2h 9m 56s",
    "mostcodedJS": "",
    "secondMost": "",
    "x": 4620.216291,
    "jsTime": "1h 17m 0s",
    "y": 59.260248507069505,
    "mostcodedHTML": "",
    "mostcodedCSS": ""
}, {
    "id": 119,
    "color": "#f14bf1",
    "title": "FTWD_Node_Day_22",
    "fileLength": 46,
    "value": 7761.427431,
    "totalTime": "2h 9m 21s",
    "mostcodedJS": "/Users/lesleycheung/Desktop/current/Work/LectureExamples/03node/FTWD_Node_Day_22/LectureExample/1_fs.js: 43m 16s",
    "secondMost": "/Users/lesleycheung/Desktop/current/Work/LectureExamples/03node/FTWD_Node_Day_22/LectureExample/0_callback.js: 15m 19s",
    "x": 4737.754034,
    "jsTime": "1h 18m 57s",
    "y": 61.04230279957119,
    "mostcodedHTML": "/Users/lesleycheung/Desktop/current/Work/LectureExamples/03node/FTWD_Node_Day_22/LectureExample/index.html: 16m 4s\n",
    "mostcodedCSS": ""
}, {
    "id": 120,
    "color": "#4bf1d6",
    "title": "easytimer.js",
    "fileLength": 12,
    "value": 7692.625268,
    "totalTime": "2h 8m 12s",
    "mostcodedJS": "",
    "secondMost": "",
    "x": 7204.784036,
    "jsTime": "2h 4s",
    "y": 93.65832579900473,
    "mostcodedHTML": "/Users/lesleycheung/Desktop/delete/easytimer.js/index2.html: 2h 4s\n",
    "mostcodedCSS": ""
}, {
    "id": 121,
    "color": "#4b67f1",
    "title": "FTWD_Node_Weekly_02",
    "fileLength": 22,
    "value": 7669.636163999999,
    "totalTime": "2h 7m 49s",
    "mostcodedJS": "/Users/lesleycheung/Desktop/FTWD_Node_Weekly_02/Node/02_Weekly/Services/NoteService.js: 34m 56s",
    "secondMost": "/Users/lesleycheung/Desktop/FTWD_Node_Weekly_02/Node/02_Weekly/Routers/NoteRouter.js: 32m 7s",
    "x": 7120.3463839999995,
    "jsTime": "1h 58m 40s",
    "y": 92.83812467430627,
    "mostcodedHTML": "",
    "mostcodedCSS": ""
}, {
    "id": 122,
    "color": "#4b67f1",
    "title": "lesleyc_4",
    "fileLength": 7,
    "value": 7612.730556,
    "totalTime": "2h 6m 52s",
    "mostcodedJS": "",
    "secondMost": "",
    "x": 0,
    "jsTime": "0s",
    "y": 0,
    "mostcodedHTML": "",
    "mostcodedCSS": ""
}, {
    "id": 123,
    "color": "#f1ba4b",
    "title": "exercise_a",
    "fileLength": 4,
    "value": 7339.438023999999,
    "totalTime": "2h 2m 19s",
    "mostcodedJS": "/Users/lesleycheung/Desktop/current/Work/Videos/exercise_a/src/components/CampingList.js: 1h 32m 38s",
    "secondMost": "/Users/lesleycheung/Desktop/current/Work/Videos/exercise_a/src/App.js: 29m 33s",
    "x": 7331.2553929999995,
    "jsTime": "2h 2m 11s",
    "y": 99.88851147767387,
    "mostcodedHTML": "",
    "mostcodedCSS": ""
}, {
    "id": 124,
    "color": "#4b4bf1",
    "title": "github_db",
    "fileLength": 1,
    "value": 6598.901452,
    "totalTime": "1h 49m 58s",
    "mostcodedJS": "",
    "secondMost": "",
    "x": 0,
    "jsTime": "0s",
    "y": 0,
    "mostcodedHTML": "",
    "mostcodedCSS": ""
}, {
    "id": 125,
    "color": "#f14b82",
    "title": "hw_3",
    "fileLength": 20,
    "value": 6491.031495999999,
    "totalTime": "1h 48m 11s",
    "mostcodedJS": "",
    "secondMost": "",
    "x": 0,
    "jsTime": "0s",
    "y": 0,
    "mostcodedHTML": "",
    "mostcodedCSS": ""
}, {
    "id": 126,
    "color": "#f1f14b",
    "title": "html",
    "fileLength": 10,
    "value": 6398.5541379999995,
    "totalTime": "1h 46m 38s",
    "mostcodedJS": "/Users/lesleycheung/Desktop/fuck/html/node.js: 56m 41s",
    "secondMost": "/Users/lesleycheung/Desktop/fuck/html/index.js: 42m 38s",
    "x": 5960.029828,
    "jsTime": "1h 39m 20s",
    "y": 93.14650934348319,
    "mostcodedHTML": "/Users/lesleycheung/Desktop/html/index.html: 1m 29s\n",
    "mostcodedCSS": ""
}, {
    "id": 127,
    "color": "#f14b82",
    "title": "MongoDB",
    "fileLength": 7,
    "value": 6384.260442000001,
    "totalTime": "1h 46m 24s",
    "mostcodedJS": "",
    "secondMost": "",
    "x": 0,
    "jsTime": "0s",
    "y": 0,
    "mostcodedHTML": "",
    "mostcodedCSS": ""
}, {
    "id": 128,
    "color": "#d64bf1",
    "title": "hyggechats",
    "fileLength": 51,
    "value": 6358.292144999994,
    "totalTime": "1h 45m 58s",
    "mostcodedJS": "/Users/lesleycheung/Desktop/current/hyggechats/firstDraft/knexfile.js: 13m 10s",
    "secondMost": "/Users/lesleycheung/Desktop/current/PitterPatter/hyggechats/config/auth/CheckEmailAndPassword.js: 13m 6s",
    "x": 2330.179661,
    "jsTime": "38m 50s",
    "y": 36.64788606532332,
    "mostcodedHTML": "/Users/lesleycheung/Desktop/current/hyggechats/firstDraft/format.html: 24s\n",
    "mostcodedCSS": ""
}, {
    "id": 129,
    "color": "#674bf1",
    "title": "PTSE",
    "fileLength": 5,
    "value": 6245.532392,
    "totalTime": "1h 44m 5s",
    "mostcodedJS": "",
    "secondMost": "",
    "x": 0,
    "jsTime": "0s",
    "y": 0,
    "mostcodedHTML": "/Users/lesleycheung/Desktop/Work/PTSE/02_class/about.html: 33m 15s\n",
    "mostcodedCSS": ""
}, {
    "id": 130,
    "color": "#4bf1d6",
    "title": "pythonProject",
    "fileLength": 13,
    "value": 6229.500326999999,
    "totalTime": "1h 43m 49s",
    "mostcodedJS": "",
    "secondMost": "",
    "x": 0,
    "jsTime": "0s",
    "y": 0,
    "mostcodedHTML": "",
    "mostcodedCSS": ""
}, {
    "id": 131,
    "color": "#f14b82",
    "title": "FTWD_Web_Canvas",
    "fileLength": 16,
    "value": 6024.261798999998,
    "totalTime": "1h 40m 24s",
    "mostcodedJS": "/Users/lesleycheung/Desktop/current/Work/Videos/FTWD_Web_Canvas/javascript/drawing-rectangle.js: 18m 28s",
    "secondMost": "/Users/lesleycheung/Desktop/current/Work/Videos/FTWD_Web_Canvas/javascript/drawing-line.js: 10m 59s",
    "x": 2341.931922,
    "jsTime": "39m 1s",
    "y": 38.87500245073598,
    "mostcodedHTML": "/Users/lesleycheung/Desktop/current/Work/LectureExamples/02web/14canvasproject/FTWD_Web_Canvas/index.html: 27m 58s\n",
    "mostcodedCSS": ""
}, {
    "id": 132,
    "color": "#f14b82",
    "title": "ds_algorithms",
    "fileLength": 14,
    "value": 6022.709086000002,
    "totalTime": "1h 40m 22s",
    "mostcodedJS": "/Users/lesleycheung/Desktop/Work/ds_algorithms/BinarySearch/02_BinarySearchQuestion.js: 40m 32s",
    "secondMost": "/Users/lesleycheung/Desktop/Work/ds_algorithms/BinarySearch/00_BinarySearch.js: 15m 57s",
    "x": 3991.4322960000004,
    "jsTime": "1h 6m 31s",
    "y": 66.27303824583234,
    "mostcodedHTML": "",
    "mostcodedCSS": ""
}]